{
  "src": [
    "clips/output.mp3"
  ],
  "sprite": {
    "silence": [
      0,
      5020,
      true
    ],
    "h_minute_pulse": [
      229020,
      800.0000000000114
    ],
    "h_pulse_long_tone_0": [
      8020,
      1999.977324263039
    ],
    "h_pulse_long_tone_440": [
      11020,
      1999.977324263039
    ],
    "h_pulse_long_tone_500": [
      14020,
      1999.977324263039
    ],
    "h_pulse_long_tone_600": [
      17020,
      1999.977324263039
    ],
    "h_pulse_tone_0": [
      20020,
      999.977324263039
    ],
    "h_pulse_tone_440": [
      22020,
      999.977324263039
    ],
    "h_pulse_tone_500": [
      24020,
      999.977324263039
    ],
    "h_pulse_tone_600": [
      26020,
      999.977324263039
    ],
    "hour_pulse": [
      238020,
      800.0000000000114
    ],
    "tone_440": [
      30020,
      1000
    ],
    "tone_500": [
      32019.999999999996,
      1000
    ],
    "tone_600": [
      34019.99999999999,
      1000
    ],
    "v_minute_pulse": [
      405020.00000000006,
      800.0000000000114
    ],
    "v_pulse_long_tone_0": [
      38019.99999999999,
      1999.9773242630354
    ],
    "v_pulse_long_tone_440": [
      41019.99999999999,
      1999.9773242630354
    ],
    "v_pulse_long_tone_500": [
      44019.99999999999,
      1999.9773242630354
    ],
    "v_pulse_long_tone_600": [
      47019.99999999999,
      1999.9773242630354
    ],
    "v_pulse_tone_0": [
      50019.99999999999,
      999.9773242630354
    ],
    "v_pulse_tone_440": [
      52019.99999999999,
      999.9773242630354
    ],
    "v_pulse_tone_500": [
      54019.99999999999,
      999.9773242630354
    ],
    "v_pulse_tone_600": [
      56019.99999999999,
      999.9773242630354
    ],
    "h_0": [
      58019.99999999999,
      567.7551020408132
    ],
    "h_1": [
      60019.99999999999,
      474.3537414965999
    ],
    "h_10": [
      62019.99999999999,
      500.5215419501141
    ],
    "h_11": [
      64019.99999999999,
      567.7777777777777
    ],
    "h_12": [
      66020,
      566.1451247165559
    ],
    "h_13": [
      68020,
      561.3605442176919
    ],
    "h_14": [
      70020,
      658.0952380952425
    ],
    "h_15": [
      72020,
      732.675736961454
    ],
    "h_16": [
      74020,
      771.2471655328841
    ],
    "h_17": [
      76020,
      861.7687074829945
    ],
    "h_18": [
      78020,
      760.1360544217641
    ],
    "h_19": [
      80020,
      843.3786848072629
    ],
    "h_2": [
      82020,
      421.9047619047558
    ],
    "h_20": [
      84020,
      508.9569160997769
    ],
    "h_21": [
      86020,
      735.2380952380884
    ],
    "h_22": [
      88020,
      760.0000000000051
    ],
    "h_23": [
      90020,
      796.7346938775535
    ],
    "h_24": [
      92020,
      739.7278911564626
    ],
    "h_25": [
      94020,
      890.1814058956887
    ],
    "h_26": [
      96020,
      916.3718820861675
    ],
    "h_27": [
      98020,
      890.9750566893422
    ],
    "h_28": [
      100020,
      827.8004535147403
    ],
    "h_29": [
      102020,
      928.7981859410479
    ],
    "h_3": [
      104020,
      481.6326530612258
    ],
    "h_30": [
      106020,
      609.4331065759633
    ],
    "h_31": [
      108020,
      800.4081632653026
    ],
    "h_32": [
      110020,
      976.0544217687084
    ],
    "h_33": [
      112020,
      815.6689342403638
    ],
    "h_34": [
      114020,
      800.6349206349199
    ],
    "h_35": [
      116020,
      849.3197278911566
    ],
    "h_36": [
      118020,
      935.3061224489778
    ],
    "h_37": [
      120020,
      845.8503401360531
    ],
    "h_38": [
      122020,
      812.4036281179201
    ],
    "h_39": [
      124020,
      851.2925170067973
    ],
    "h_4": [
      126020,
      464.94331065760264
    ],
    "h_40": [
      128020.00000000001,
      494.3764172335534
    ],
    "h_41": [
      130020.00000000001,
      861.7687074829803
    ],
    "h_42": [
      132020,
      868.9795918367338
    ],
    "h_43": [
      134020,
      947.1655328798079
    ],
    "h_44": [
      136020,
      959.8866213152064
    ],
    "h_45": [
      138020,
      990.430839002272
    ],
    "h_46": [
      140020,
      1020.4761904761881
    ],
    "h_47": [
      143020,
      960.7256235827606
    ],
    "h_48": [
      145020,
      923.6961451247225
    ],
    "h_49": [
      147020,
      948.2312925169936
    ],
    "h_5": [
      149020,
      458.48072562358766
    ],
    "h_50": [
      151020,
      584.943310657593
    ],
    "h_51": [
      153020,
      835.5102040816291
    ],
    "h_52": [
      155020,
      799.9092970521531
    ],
    "h_53": [
      157020,
      916.3492063491958
    ],
    "h_54": [
      159020,
      890.1814058957029
    ],
    "h_55": [
      161020,
      996.7346938775563
    ],
    "h_56": [
      163020,
      915.5102040816416
    ],
    "h_57": [
      165020,
      931.8594104308318
    ],
    "h_58": [
      167020,
      817.6870748299336
    ],
    "h_59": [
      169020,
      918.7755102040853
    ],
    "h_6": [
      171020,
      566.1451247165417
    ],
    "h_7": [
      173020,
      561.9501133786855
    ],
    "h_8": [
      175020,
      444.08163265305234
    ],
    "h_9": [
      177020,
      557.0975056689349
    ],
    "h_at_the_tone": [
      179020,
      783.6734693877645
    ],
    "h_at_the_tone2": [
      181020,
      766.2585034013603
    ],
    "h_hour": [
      183020,
      585.1247165532811
    ],
    "h_hours": [
      185020,
      722.108843537427
    ],
    "h_ident": [
      187020,
      38872.08616780046
    ],
    "h_minute": [
      227020,
      528.662131519269
    ],
    "h_minutes": [
      231020,
      621.2471655328784
    ],
    "h_pulse": [
      233020,
      4.988662131523824
    ],
    "h_utc2": [
      235020,
      1981.5419501133817
    ],
    "v_0": [
      240020,
      617.7324263038599
    ],
    "v_1": [
      242020,
      375.30612244898975
    ],
    "v_10": [
      244020,
      461.6099773242581
    ],
    "v_11": [
      246020,
      602.9478458049766
    ],
    "v_12": [
      248020,
      520.5668934240464
    ],
    "v_13": [
      250020,
      698.50340136054
    ],
    "v_14": [
      252020,
      700.7709750566846
    ],
    "v_15": [
      254020,
      688.9569160997837
    ],
    "v_16": [
      256020.00000000003,
      751.7233560090517
    ],
    "v_17": [
      258020.00000000003,
      726.8027210884611
    ],
    "v_18": [
      260020.00000000003,
      697.4376417233543
    ],
    "v_19": [
      262020.00000000003,
      712.1768707482943
    ],
    "v_2": [
      264020.00000000006,
      427.8004535147488
    ],
    "v_20": [
      266020.00000000006,
      458.4580498866444
    ],
    "v_21": [
      268020.00000000006,
      744.489795918355
    ],
    "v_22": [
      270020.00000000006,
      751.2471655329023
    ],
    "v_23": [
      272020.00000000006,
      693.8548752834208
    ],
    "v_24": [
      274020.00000000006,
      754.6485260771192
    ],
    "v_25": [
      276020.00000000006,
      736.2811791383024
    ],
    "v_26": [
      278020.00000000006,
      645.0566893424252
    ],
    "v_27": [
      280020.00000000006,
      759.6145124716713
    ],
    "v_28": [
      282020.00000000006,
      486.1904761904725
    ],
    "v_29": [
      284020.00000000006,
      700.4535147392517
    ],
    "v_3": [
      286020.00000000006,
      440.61224489797723
    ],
    "v_30": [
      288020.00000000006,
      393.28798185943015
    ],
    "v_31": [
      290020.00000000006,
      687.4376417233634
    ],
    "v_32": [
      292020.00000000006,
      624.7392290249536
    ],
    "v_33": [
      294020.00000000006,
      723.1292517006978
    ],
    "v_34": [
      296020.00000000006,
      703.6961451246952
    ],
    "v_35": [
      298020.00000000006,
      752.9478458050107
    ],
    "v_36": [
      300020.00000000006,
      662.9705215419222
    ],